time_hours,temperature,humidity,pressure,co2
0.0000,15.2484,63.4532,1011.4594,449.5032
0.0167,14.9309,64.9506,1011.5600,447.3184
0.0333,15.3240,62.3760,1012.7776,480.5071
0.0500,15.7619,58.7634,1013.6358,423.0830
0.0667,14.8837,63.4738,1011.0782,430.9370
0.0833,14.8841,61.3711,1012.8829,475.9076
0.1000,15.7913,60.2558,1012.8683,435.1116
0.1167,15.3860,63.0937,1014.4065,472.5133
0.1333,14.7683,65.3241,1012.9943,492.4859
0.1500,15.2751,62.1298,1013.6153,439.9551
0.1667,14.7731,63.4581,1013.4285,467.0341
0.1833,14.7729,66.2451,1011.6175,421.1577
0.2000,15.1278,62.7898,1013.9431,468.8683
0.2167,14.0514,69.1263,1013.5074,454.9856
0.2333,14.1469,64.9107,1013.7482,461.8260
0.2500,14.7296,59.3841,1016.4891,433.8607
0.2667,14.5058,64.7480,1011.6874,408.4729
0.2833,15.1709,63.0060,1014.7410,462.5813
0.3000,14.5614,65.7374,1013.1378,398.4149
0.3167,14.3110,64.8798,1013.6042,442.0662
0.3333,15.7519,61.0953,1013.3444,473.5295
0.3500,14.9081,60.1893,1013.0480,454.7974
0.3667,15.0568,61.9968,1012.9381,498.7086
0.3833,14.3128,61.8298,1013.6641,475.6277
0.4000,14.7552,61.7062,1012.1933,433.6525
0.4167,15.0852,63.5494,1014.0140,450.6828
0.4333,14.4566,66.6548,1013.0871,448.8157
0.4500,15.2225,62.9556,1012.5226,410.4456
0.4667,14.7369,60.5028,1013.0731,426.4900
0.4833,14.8941,63.5480,1014.4454,435.9810
0.5000,14.7419,65.2804,1013.0179,399.0945
0.5167,15.9718,59.8227,1013.7395,451.1873
0.5333,15.0419,62.1691,1012.8745,443.7732
0.5500,14.5229,63.2450,1014.0721,408.1777
0.5667,15.4662,60.2309,1014.0207,460.1053
0.5833,14.4478,64.6249,1014.9577,467.8968
0.6000,15.1660,62.0091,1013.3449,455.6759
0.6167,14.0852,64.7113,1014.0268,441.8983
0.6333,14.4045,61.6183,1013.5769,464.7861
0.6500,15.1707,61.3691,1014.5416,467.0055
0.6667,15.4452,63.2770,1012.9364,457.6851
0.6833,15.1655,61.5061,1014.1140,429.3847
0.7000,15.0259,65.9151,1013.3687,456.9150
0.7167,14.9372,61.7949,1013.4797,479.8870
0.7333,14.3526,63.9205,1013.6109,435.0843
0.7500,14.7362,64.7610,1013.7458,502.4485
0.7667,14.8701,59.8582,1013.4576,436.8592
0.7833,15.6333,58.0284,1013.7288,450.8102
0.8000,15.2811,59.0271,1014.8261,433.1879
0.8167,14.2323,66.1767,1014.3585,455.5818
0.8333,15.2806,60.9754,1014.2719,406.4445
0.8500,14.9307,67.7203,1013.2187,436.3490
0.8667,14.7897,61.6870,1012.8782,422.6970
0.8833,15.4389,62.2107,1014.3604,453.3835
0.9000,15.6537,64.6037,1014.3034,474.8612
0.9167,15.6089,65.5988,1014.7872,466.1502
0.9333,14.7289,67.0296,1013.1324,390.7085
0.9500,14.9992,64.9179,1013.4385,501.0517
0.9667,15.3249,64.0608,1012.3170,457.3820
0.9833,15.6525,62.7062,1013.3211,430.5875
1.0000,14.9308,64.1605,1014.4388,453.9282
1.0167,15.0832,61.2728,1013.2749,454.4047
1.0333,14.6287,61.4206,1014.1669,433.3288
1.0500,14.5896,63.1088,1013.5086,454.9479
1.0667,15.6000,61.2597,1013.9268,434.8132
1.0833,15.8779,60.2767,1012.7558,439.8910
1.1000,15.1699,63.6379,1013.7486,432.8430
1.1167,15.7139,63.3397,1011.2940,414.1832
1.1333,15.3993,62.0779,1013.5439,453.6459
1.1500,14.9023,65.6015,1012.3955,464.6325
1.1667,15.4121,59.5985,1014.6712,462.8721
1.1833,16.0070,60.6021,1014.3348,470.4981
1.2000,15.2268,60.7261,1014.0926,458.1085
1.2167,16.0338,57.2162,1014.9426,436.6819
1.2333,13.9485,63.9119,1012.9731,470.9916
1.2500,15.6763,61.2421,1015.1366,416.0621
1.2667,15.3159,65.0530,1014.4909,427.4832
1.2833,15.1301,63.5665,1013.5624,425.8950
1.3000,15.3327,59.9526,1014.6665,477.0014
1.3167,14.3003,67.2577,1012.8795,473.5697
1.3333,15.1917,64.6545,1013.1113,462.1826
1.3500,15.4876,62.9328,1013.2905,476.7982
1.3667,16.0556,60.4637,1013.3606,428.0179
1.3833,15.0652,60.4833,1012.9450,458.7149
1.4000,14.9279,61.8638,1014.7752,446.8706
1.4167,15.0891,64.5439,1013.5961,471.1721
1.4333,15.8056,65.0608,1014.0916,447.1194
1.4500,15.5203,64.8060,1013.3597,440.3764
1.4667,15.0992,61.3735,1012.3659,463.5227
1.4833,15.6289,59.3174,1014.0449,471.9042
1.5000,15.4291,62.1381,1012.3055,433.2914
1.5167,15.8733,57.6531,1013.7868,448.4731
1.5333,15.0464,63.0767,1012.7535,423.5390
1.5500,15.2422,61.8415,1015.4443,387.5485
1.5667,15.2186,61.2400,1014.5900,455.0115
1.5833,14.6917,59.7731,1013.9519,465.2226
1.6000,15.5803,62.6567,1014.8847,456.5517
1.6167,15.5717,60.5770,1013.2031,401.2610
1.6333,15.4528,59.4810,1014.3213,441.2288
1.6500,15.3420,56.2425,1014.0528,394.5413
1.6667,14.7608,62.8038,1014.1105,484.2425
1.6833,15.2674,65.6434,1014.9236,422.8486
1.7000,15.3157,65.3489,1014.4981,481.3851
1.7167,15.0954,61.4428,1014.1495,473.6467
1.7333,15.4254,60.6575,1012.6009,427.4852
1.7500,15.7177,62.3611,1013.1632,421.6804
1.7667,16.4684,58.3006,1013.8394,458.7593
1.7833,15.6224,62.1700,1014.0187,428.8919
1.8000,15.6737,63.0215,1013.0462,452.5621
1.8167,15.5177,64.1773,1015.8860,437.9293
1.8333,14.6056,62.8914,1015.1762,405.4710
1.8500,15.5618,61.2499,1014.4511,394.2383
1.8667,15.6154,59.8210,1014.0334,455.6671
1.8833,16.8272,58.1055,1013.8123,435.9611
1.9000,15.5097,61.2824,1013.2269,436.1728
1.9167,15.7671,62.0840,1014.0568,467.3966
1.9333,15.6095,63.4129,1014.2073,479.3361
1.9500,15.0532,60.8139,1013.0141,443.1864
1.9667,16.2196,63.6559,1014.2811,441.4850
1.9833,16.0350,60.4053,1013.8959,462.5036
2.0000,16.0654,60.8592,1012.5002,416.0766
2.0167,15.2261,60.6664,1013.3445,455.5788
2.0333,16.3933,55.5616,1013.7082,463.7971
2.0500,15.0020,64.2650,1015.5556,467.0058
2.0667,16.0076,62.4623,1014.4970,401.5812
2.0833,16.8207,59.2063,1012.9896,430.9661
2.1000,15.2415,62.2717,1014.4532,428.0434
2.1167,15.4651,62.8342,1012.8328,452.4972
2.1333,15.8096,58.1605,1014.9431,462.0186
2.1500,15.5196,60.6625,1013.7063,487.4178
2.1667,15.0077,64.0770,1014.0146,437.6259
2.1833,15.8291,58.7478,1015.1564,437.5607
2.2000,15.2755,62.6739,1013.0723,478.7418
2.2167,16.0554,58.2038,1012.9906,457.4144
2.2333,15.3709,62.8766,1013.6477,481.6913
2.2500,16.6176,60.0023,1014.9516,457.2182
2.2667,15.4632,58.5750,1012.9116,421.0721
2.2833,15.7060,63.7704,1011.8676,416.6718
2.3000,16.2861,59.1016,1013.7787,411.2122
2.3167,15.2763,60.4650,1014.5873,466.5513
2.3333,16.0180,61.3742,1015.1123,479.7149
2.3500,16.5704,62.4417,1013.7878,496.2341
2.3667,15.1257,60.2798,1013.8355,471.0776
2.3833,16.0344,61.0717,1015.0939,479.0710
2.4000,16.0849,61.7303,1012.6813,435.4996
2.4167,16.3587,61.8482,1013.8725,421.0896
2.4333,15.3622,62.3095,1014.3418,471.2520
2.4500,15.3335,61.2657,1014.5551,460.4420
2.4667,16.2678,58.9431,1013.7941,452.6861
2.4833,16.1685,60.9196,1014.2357,459.6843
2.5000,16.1585,58.6180,1012.2237,458.0796
2.5167,16.2198,54.8276,1013.6939,482.0954
2.5333,15.7199,62.2932,1014.5895,482.3746
2.5500,16.1895,62.5236,1013.4471,463.6055
2.5667,16.2335,55.9239,1014.2863,471.1451
2.5833,15.7434,59.3654,1014.6027,462.8516
2.6000,17.0472,60.6676,1013.9774,438.4708
2.6167,16.3650,64.5676,1014.3940,468.9141
2.6333,15.5462,61.7222,1013.4936,415.1376
2.6500,16.4841,58.8179,1014.1046,476.3473
2.6667,15.6824,61.1106,1014.7642,420.1369
2.6833,16.5774,62.8837,1014.4078,457.1451
2.7000,16.7773,58.5422,1013.8191,428.8712
2.7167,15.8018,59.6989,1014.4739,463.8347
2.7333,16.7081,58.9723,1014.8723,449.1519
2.7500,16.4472,58.4226,1012.6668,410.1311
2.7667,16.6663,60.2460,1015.2401,460.5175
2.7833,17.2181,62.4222,1014.0500,435.5520
2.8000,16.1616,61.4038,1014.6655,472.0287
2.8167,15.9220,60.6122,1015.2890,450.0331
2.8333,15.8689,60.6131,1013.2400,459.8855
2.8500,15.9205,57.9929,1013.7759,426.0608
2.8667,16.3047,62.3092,1014.1187,435.2667
2.8833,16.5287,60.0512,1013.7286,438.5340
2.9000,16.5115,59.8718,1015.7496,471.4176
2.9167,16.8018,66.1836,1013.6823,491.9344
2.9333,16.4098,60.9828,1013.9294,429.8707
2.9500,17.1453,57.7785,1014.5434,476.9212
2.9667,16.3014,59.6952,1013.4242,395.7581
2.9833,17.8092,60.5832,1014.0755,420.1453
3.0000,16.7773,60.0606,1014.6520,426.0305
3.0167,16.0513,58.0464,1014.1378,416.1873
3.0333,15.9600,62.8984,1014.3354,410.4103
3.0500,16.7523,58.5353,1013.9927,460.3250
3.0667,16.4150,64.1241,1013.2106,444.6483
3.0833,16.8994,61.8109,1014.6855,459.4851
3.1000,16.7948,58.9131,1015.8382,467.2618
3.1167,16.5377,62.7555,1014.4550,456.6404
3.1333,16.1666,60.8858,1014.6265,466.4441
3.1500,15.8486,62.9327,1015.0064,448.2617
3.1667,16.3988,61.3713,1013.4428,420.3252
3.1833,17.0664,57.7077,1015.8262,476.4454
3.2000,16.7614,58.5708,1014.6321,435.2722
3.2167,16.0477,62.9883,1015.7817,426.6101
3.2333,16.7735,59.1702,1013.8957,445.5521
3.2500,16.8959,58.8488,1015.9426,427.1797
3.2667,16.2778,58.6731,1015.1142,439.5642
3.2833,16.8131,60.6276,1014.9425,458.6013
3.3000,16.7819,63.9523,1014.6932,458.7085
3.3167,16.1979,58.5681,1014.3131,427.5542
3.3333,16.9650,59.6010,1015.4783,437.8074
3.3500,17.0832,62.1996,1014.6361,476.8583
3.3667,17.3611,58.7990,1012.9561,462.4100
3.3833,17.3634,59.8597,1013.6419,501.8766
3.4000,16.1646,58.6284,1014.3929,479.5032
3.4167,16.4015,61.2544,1014.7954,478.6073
3.4333,17.1449,58.9083,1014.5081,415.3033
3.4500,17.1614,61.2293,1015.5344,469.0965
3.4667,17.1792,61.6059,1013.0042,448.6723
3.4833,18.8653,61.8812,1014.6859,436.2255
3.5000,17.2416,60.2968,1013.1225,454.2004
3.5167,17.5413,59.3396,1015.1905,473.6303
3.5333,17.4679,59.1869,1014.5130,462.5208
3.5500,17.3341,58.2926,1014.9301,428.0382
3.5667,16.8683,60.3746,1013.9092,468.5615
3.5833,17.4229,58.2748,1015.6297,434.0603
3.6000,16.6747,60.3249,1015.4454,455.4171
3.6167,16.9603,62.1947,1015.0846,442.4162
3.6333,16.8538,57.7062,1014.5200,444.5283
3.6500,17.1552,61.5469,1015.0933,469.1561
3.6667,18.2894,60.2001,1014.0697,423.9952
3.6833,16.2164,60.4393,1015.3255,498.6299
3.7000,17.5111,54.4896,1015.9664,404.4728
3.7167,16.3796,59.2149,1015.5091,435.0583
3.7333,16.9681,62.1419,1014.0747,459.2553
3.7500,17.7666,58.3043,1014.9533,464.6079
3.7667,17.2725,57.0927,1013.6354,447.4881
3.7833,16.7197,58.9110,1015.1336,448.5652
3.8000,16.9192,61.3025,1015.0420,460.2638
3.8167,17.6349,59.6411,1013.1914,444.2233
3.8333,16.9483,59.0997,1013.7635,484.8295
3.8500,17.4402,58.1061,1014.4722,470.9837
3.8667,17.3732,58.1567,1014.4637,471.8206
3.8833,17.0431,57.5905,1013.7426,425.8461
3.9000,18.4595,60.5415,1015.0270,448.0153
3.9167,17.7231,57.7707,1014.9227,442.4884
3.9333,16.4122,62.8160,1014.5719,424.8600
3.9500,17.5368,61.7375,1014.1283,459.0041
3.9667,17.1314,61.2995,1015.5776,436.5589
3.9833,17.9073,57.2757,1016.0687,466.3851
4.0000,17.1037,60.1519,1014.3632,423.2452
4.0167,17.4615,58.7593,1014.2659,492.9760
4.0333,17.7904,56.5070,1015.1543,427.5917
4.0500,17.9898,58.6641,1014.4805,455.4826
4.0667,16.9758,57.1782,1014.6611,469.7965
4.0833,17.4278,61.2337,1015.3700,435.7340
4.1000,17.3767,58.0057,1013.2564,471.3117
4.1167,17.3067,59.4422,1015.8441,419.2704
4.1333,18.5354,57.7635,1014.8533,486.3029
4.1500,17.8744,57.6706,1014.4715,450.3537
4.1667,17.0608,60.5822,1014.7349,435.0897
4.1833,18.1696,56.7959,1014.7819,442.5205
4.2000,18.7911,58.5559,1013.4325,470.2230
4.2167,18.2657,54.9094,1016.0190,435.3886
4.2333,17.0093,59.7388,1014.8617,431.2661
4.2500,17.5464,62.5582,1015.1886,444.4616
4.2667,18.4416,55.3369,1015.6010,420.5759
4.2833,17.4739,57.4336,1014.0284,495.5136
4.3000,18.0694,58.9238,1015.2296,435.8401
4.3167,18.2545,57.9775,1014.6423,470.7904
4.3333,17.4234,59.5661,1015.5393,455.2368
4.3500,17.8769,59.1630,1013.1656,425.3866
4.3667,16.3059,61.8106,1014.7936,449.8511
4.3833,17.4342,61.0681,1014.3962,469.6001
4.4000,17.8400,59.0596,1015.2297,445.2935
4.4167,17.3624,58.4739,1015.2654,479.8278
4.4333,18.8225,58.1115,1014.3288,475.5379
4.4500,17.3112,62.8329,1014.3306,472.9729
4.4667,17.8263,57.9952,1014.8173,438.5086
4.4833,18.1318,55.8532,1014.1940,423.0039
4.5000,18.8072,59.0033,1015.5903,434.6603
4.5167,17.3888,58.6760,1014.6268,454.9060
4.5333,18.7085,52.5918,1012.6020,463.6447
4.5500,18.1523,59.4663,1014.6331,395.7107
4.5667,17.6767,57.4142,1014.1076,449.7972
4.5833,18.4189,57.1906,1013.6388,453.9522
4.6000,18.3077,58.2024,1013.9593,443.0614
4.6167,17.9284,58.4883,1015.0421,482.2818
4.6333,18.2839,58.9931,1016.0229,460.5445
4.6500,18.0768,57.0139,1015.2159,482.7548
4.6667,18.3467,58.5062,1014.4855,444.6010
4.6833,18.6415,56.5187,1015.3408,473.4369
4.7000,19.1240,57.7917,1014.6142,490.8767
4.7167,17.7326,59.6318,1014.4311,482.7923
4.7333,19.4387,53.9711,1014.0686,422.6965
4.7500,17.4168,61.0468,1013.5960,443.6581
4.7667,18.3376,56.4217,1014.6908,441.3709
4.7833,18.7283,58.5236,1015.1345,462.2314
4.8000,18.5954,57.8415,1014.9361,467.1588
4.8167,18.1643,61.4299,1014.6859,429.0277
4.8333,18.3924,56.9645,1014.2673,451.6960
4.8500,18.2708,56.8952,1015.5158,399.5018
4.8667,18.2435,57.5960,1013.9808,486.0486
4.8833,18.9838,55.9179,1015.6605,437.1906
4.9000,18.7584,58.4622,1014.2432,451.3966
4.9167,18.2544,54.3858,1014.4483,442.2588
4.9333,19.0716,54.2852,1013.8820,478.6507
4.9500,18.7964,54.6697,1014.6595,379.0623
4.9667,19.0702,58.2953,1015.8461,449.5847
4.9833,18.9997,59.9217,1015.4836,447.3545
5.0000,18.2914,57.3540,1015.8590,438.6591
5.0167,18.4469,56.9920,1015.4992,493.1557
5.0333,19.1217,56.4575,1014.2037,427.8168
5.0500,19.0744,58.7121,1014.8272,469.2949
5.0667,18.7799,54.9754,1014.4728,458.9063
5.0833,18.8702,57.1714,1016.1666,481.5380
5.1000,19.4716,57.7430,1014.1499,433.3203
5.1167,18.5582,58.1649,1015.8274,431.6758
5.1333,19.1488,56.6560,1015.8319,477.4017
5.1500,18.7954,58.8090,1016.5864,460.6330
5.1667,18.8090,51.3801,1014.8000,411.3766
5.1833,19.4885,57.1230,1015.7027,436.5174
5.2000,19.3731,54.6321,1016.9633,459.6596
5.2167,19.3885,52.2559,1014.6489,470.9441
5.2333,19.6559,56.5386,1013.9201,433.0192
5.2500,19.0351,59.1947,1013.6492,377.1436
5.2667,19.3869,55.6447,1015.7284,463.0806
5.2833,18.9122,58.5374,1013.6568,419.4920
5.3000,19.2509,59.3482,1014.8705,399.5665
5.3167,19.0452,59.0620,1015.5232,379.1919
5.3333,19.1803,59.5095,1015.3265,470.3495
5.3500,19.4508,57.3080,1015.5237,453.2154
5.3667,18.7657,57.0024,1015.3662,444.3586
5.3833,20.2425,51.4323,1016.2165,484.7256
5.4000,18.7148,56.4356,1014.4365,465.9331
5.4167,18.6323,55.3651,1014.6617,490.4075
5.4333,19.8400,59.5819,1014.5902,415.1816
5.4500,19.6784,55.1307,1015.8774,449.1362
5.4667,19.6162,55.8221,1015.9385,409.5822
5.4833,19.6399,56.6431,1015.5841,444.2654
5.5000,19.3412,56.0753,1016.1748,443.7846
5.5167,18.9204,60.0095,1014.2905,465.6653
5.5333,19.4286,54.6119,1016.5716,451.1391
5.5500,19.0737,56.7786,1016.4613,465.5852
5.5667,19.9215,53.6327,1015.8361,467.5860
5.5833,19.3821,53.2867,1016.6780,503.8732
5.6000,19.0646,55.1795,1013.9321,442.1176
5.6167,19.3384,55.9184,1014.8427,426.4744
5.6333,19.7272,54.5505,1014.6789,456.1521
5.6500,19.2606,54.7242,1015.8491,429.9430
5.6667,19.1531,53.4577,1014.4367,487.0490
5.6833,19.7078,55.2721,1015.8876,442.9195
5.7000,19.7302,52.3953,1016.3828,435.8606
5.7167,19.3760,57.4561,1015.8474,438.2171
5.7333,19.4157,56.0413,1015.5230,467.9604
5.7500,19.7890,52.4014,1014.5105,446.0563
5.7667,18.9707,55.9255,1014.6281,433.9583
5.7833,19.0128,54.9765,1016.3100,491.6338
5.8000,19.3791,56.5697,1015.9385,428.5958
5.8167,19.6534,58.2008,1015.2886,450.8892
5.8333,19.9374,51.3436,1014.9902,466.3077
5.8500,20.5414,54.4180,1013.7086,409.2166
5.8667,20.2543,54.2982,1014.4773,462.0065
5.8833,19.7673,56.6917,1016.8678,423.6223
5.9000,19.8596,55.6370,1014.3190,470.5696
5.9167,19.3897,54.4116,1015.4996,425.9337
5.9333,19.9035,54.5067,1016.1587,467.3192
5.9500,19.7902,53.7226,1014.3535,477.6458
5.9667,20.1177,56.9754,1015.5098,471.5359
5.9833,19.5646,55.6958,1016.1170,456.2829
6.0000,20.2597,58.4129,1015.3813,444.2175
6.0167,20.7882,53.6964,1017.6707,435.5895
6.0333,19.9893,53.5993,1014.0457,486.7759
6.0500,20.2663,51.5731,1016.2321,432.5126
6.0667,20.4323,50.7452,1015.2515,424.0733
6.0833,19.9085,51.9690,1016.0119,466.6342
6.1000,20.2429,55.1699,1015.7520,430.0966
6.1167,20.1590,55.7790,1014.8169,426.2484
6.1333,20.2233,51.5026,1015.5912,413.9099
6.1500,19.8098,57.0754,1013.9262,437.9273
6.1667,20.2304,53.6883,1015.8997,447.9321
6.1833,20.4889,54.5603,1015.6601,456.0773
6.2000,20.9873,56.7436,1015.9371,473.7827
6.2167,20.7631,55.6490,1016.2771,463.1724
6.2333,21.3818,52.3902,1015.7292,445.2282
6.2500,19.9433,53.3026,1015.5581,445.0451
6.2667,20.7849,49.5190,1014.7392,462.7539
6.2833,20.4622,52.8684,1014.8787,481.8143
6.3000,21.4872,52.3469,1016.4024,453.1579
6.3167,20.0099,53.0108,1016.6065,438.2717
6.3333,20.0159,54.7136,1015.2713,425.1783
6.3500,20.1578,54.9170,1015.5031,413.8699
6.3667,19.4173,55.4244,1014.7470,466.6567
6.3833,20.2381,53.3429,1016.4133,464.4495
6.4000,20.1431,55.1227,1016.0118,464.4341
6.4167,20.6195,54.9546,1017.0368,446.7835
6.4333,20.7369,51.7139,1014.7855,485.1734
6.4500,21.5258,55.5332,1015.1901,437.8970
6.4667,21.0846,53.1760,1015.6820,473.8817
6.4833,20.3425,54.5239,1016.0184,449.0314
6.5000,20.2034,56.1113,1015.3330,434.7912
6.5167,20.9202,54.0861,1014.8115,464.8133
6.5333,20.0357,56.8526,1016.2193,460.2409
6.5500,21.6332,53.1245,1016.0953,458.9243
6.5667,21.3288,51.7820,1014.7897,452.0320
6.5833,20.5260,54.9340,1016.6113,449.0527
6.6000,19.9256,52.8241,1016.4674,509.7093
6.6167,21.4806,52.9961,1015.6429,479.6064
6.6333,20.7680,53.7816,1015.6034,468.0707
6.6500,21.4657,52.3853,1015.9872,452.7950
6.6667,20.0710,54.6364,1014.8588,475.1789
6.6833,20.5900,50.3513,1015.5764,462.9499
6.7000,20.9138,52.5319,1013.8346,450.6551
6.7167,20.9561,53.7515,1016.2619,442.4109
6.7333,20.7290,54.2262,1014.3157,447.9771
6.7500,21.2869,51.0143,1016.7718,370.7394
6.7667,20.4630,56.8369,1015.3091,455.2650
6.7833,20.9470,51.8471,1015.4080,437.7881
6.8000,21.0997,55.2894,1015.0793,489.8167
6.8167,21.3181,53.8772,1015.3551,450.4836
6.8333,21.4380,51.5505,1016.7245,420.2759
6.8500,20.5412,57.7389,1013.6035,448.7530
6.8667,20.3577,52.0762,1016.6194,423.8470
6.8833,21.7848,54.1610,1015.8723,461.8352
6.9000,21.3334,55.0011,1014.6403,457.2737
6.9167,20.8142,52.4375,1014.7497,473.9460
6.9333,21.9852,54.8072,1016.9551,430.2280
6.9500,21.2886,52.5670,1014.8617,450.8502
6.9667,21.8415,52.8151,1014.6994,415.8745
6.9833,21.3068,53.5605,1016.5359,467.5374
7.0000,22.3245,51.2447,1015.9009,462.9718
7.0167,22.1928,53.3324,1014.8837,462.3951
7.0333,21.2117,54.7694,1015.8113,450.0405
7.0500,21.8430,48.7385,1014.8214,460.3693
7.0667,21.7009,55.0574,1016.5266,490.1085
7.0833,22.0835,48.5498,1016.4989,442.8726
7.1000,20.9376,55.6587,1016.0794,453.4661
7.1167,21.7840,54.5774,1015.9470,422.8468
7.1333,21.9911,49.8315,1017.0705,428.2935
7.1500,20.6033,53.2734,1015.6652,452.4453
7.1667,20.9119,51.4207,1014.7238,477.5983
7.1833,20.5047,53.8131,1016.0328,443.5930
7.2000,21.4104,52.2684,1017.3459,444.1021
7.2167,21.9246,53.6724,1014.8691,439.8279
7.2333,22.3377,54.1141,1015.3956,436.6311
7.2500,21.6442,55.3250,1016.0217,457.3743
7.2667,22.4421,50.2124,1015.6492,412.5686
7.2833,20.9584,53.1440,1014.9103,482.0235
7.3000,20.8173,50.4071,1016.5974,433.3644
7.3167,21.6618,50.8955,1017.5597,468.0476
7.3333,21.9021,54.0765,1015.8644,418.2500
7.3500,21.7142,55.6598,1014.9879,466.7210
7.3667,20.7173,51.4553,1014.4758,466.7986
7.3833,21.7269,51.2247,1015.9250,459.6051
7.4000,21.1396,53.2378,1016.6055,425.1393
7.4167,22.1470,52.3398,1016.1062,456.2387
7.4333,22.0158,50.3571,1015.7278,420.4236
7.4500,21.3828,53.7739,1015.2620,443.6809
7.4667,21.6161,51.6282,1014.8634,475.7353
7.4833,21.3636,52.9256,1016.4086,469.9175
7.5000,21.8821,53.2695,1016.4754,450.3796
7.5167,22.4111,51.3962,1014.5115,425.6298
7.5333,21.4608,51.9360,1017.0235,466.1397
7.5500,22.2257,51.4422,1016.2145,450.4845
7.5667,21.7286,52.2303,1016.8785,391.9921
7.5833,21.6173,51.8340,1014.6887,469.5657
7.6000,21.9802,51.5122,1014.6734,449.3942
7.6167,21.5360,55.8933,1015.6504,480.0613
7.6333,21.7966,53.4269,1016.1753,422.6182
7.6500,21.4944,52.1675,1017.2137,370.5824
7.6667,23.0955,51.7507,1016.3450,456.9771
7.6833,22.1505,51.1066,1015.5895,457.2891
7.7000,21.8027,54.6422,1014.9661,407.7332
7.7167,22.2792,52.3205,1016.7747,425.5375
7.7333,22.1357,51.5819,1015.0224,518.8804
7.7500,22.1010,52.7440,1017.1004,442.3597
7.7667,22.5381,48.0511,1015.5735,468.2740
7.7833,22.6292,48.8026,1017.0770,433.7335
7.8000,22.0047,49.6051,1016.3511,397.7424
7.8167,22.0015,52.2837,1015.7017,445.7435
7.8333,22.1712,55.2082,1015.3992,443.3599
7.8500,21.1771,57.6969,1015.5454,440.0030
7.8667,21.5898,53.8915,1016.1642,447.1340
7.8833,23.0500,51.4266,1015.8866,456.6067
7.9000,23.2083,46.5855,1015.3532,446.2471
7.9167,22.2804,50.4940,1015.6991,418.3998
7.9333,22.7123,49.3559,1015.8977,462.1546
7.9500,22.5987,49.8602,1014.1352,401.2657
7.9667,24.0016,48.6614,1016.2080,398.7411
7.9833,23.0409,49.4945,1015.0610,468.4795
8.0000,22.4360,47.3873,1014.9254,462.6755
8.0167,22.0411,53.4342,1014.5015,448.5651
8.0333,21.7345,50.2528,1014.4195,415.1138
8.0500,22.6582,51.4912,1014.7735,432.3022
8.0667,22.1970,55.8526,1015.2939,443.4313
8.0833,21.8827,50.3371,1017.4269,410.1027
8.1000,22.2892,46.5056,1015.4468,431.5243
8.1167,22.0903,51.2925,1016.0129,466.3083
8.1333,23.4932,51.9622,1016.1942,485.6826
8.1500,23.1089,54.2534,1015.9819,439.5141
8.1667,22.6825,48.5171,1015.8182,468.9122
8.1833,23.4448,50.8261,1014.9271,402.1485
8.2000,22.7619,49.9266,1017.0472,466.4863
8.2167,22.3108,51.3219,1017.3353,429.9013
8.2333,23.5212,55.0068,1014.5465,457.6836
8.2500,23.0473,47.4231,1015.0765,443.8062
8.2667,22.2773,52.0915,1015.6750,483.0104
8.2833,22.7189,51.8571,1015.1303,428.1391
8.3000,22.3942,53.5802,1016.3097,465.6902
8.3167,22.1586,51.9581,1015.3254,443.0123
8.3333,23.3310,50.6196,1017.6431,446.0424
8.3500,23.8404,48.4561,1016.8665,445.4037
8.3667,22.2042,52.2319,1016.0871,428.8582
8.3833,23.2027,49.5095,1016.7416,449.6475
8.4000,22.6136,52.3227,1016.8077,448.4338
8.4167,22.7130,50.1913,1015.4748,456.0310
8.4333,22.6779,51.7373,1015.2760,452.1126
8.4500,22.5596,51.1020,1015.9944,469.9499
8.4667,23.0333,52.7021,1016.6241,473.0877
8.4833,22.6110,50.9807,1016.0490,423.7344
8.5000,23.1790,46.6854,1014.6790,471.7193
8.5167,23.0360,52.9699,1015.3012,420.3416
8.5333,22.9588,48.7503,1015.8872,464.6964
8.5500,22.6417,49.7299,1015.8887,465.4935
8.5667,22.8242,49.5724,1017.5301,402.2171
8.5833,23.5073,52.4879,1014.8461,452.3245
8.6000,23.3971,45.6331,1016.3622,438.2876
8.6167,22.6747,57.2634,1017.1519,431.0309
8.6333,23.2301,52.2670,1017.7805,483.7713
8.6500,23.5729,50.0871,1015.6426,433.6580
8.6667,22.3792,51.3214,1016.3621,429.8406
8.6833,23.5023,50.3177,1016.4275,451.8924
8.7000,22.9159,51.6684,1016.1308,467.1397
8.7167,23.5491,50.9668,1015.8981,446.4588
8.7333,22.8987,51.7632,1016.3287,479.1593
8.7500,22.3943,51.5877,1013.9568,463.2744
8.7667,22.4993,50.8563,1016.5309,395.5447
8.7833,23.3535,49.6673,1016.0889,436.7633
8.8000,23.4755,49.3969,1015.8127,435.9539
8.8167,22.9097,52.9030,1017.6308,461.9840
8.8333,23.6972,50.6412,1015.4560,384.3796
8.8500,22.5632,45.2744,1015.6761,513.7252
8.8667,23.3770,51.2464,1017.5944,463.2757
8.8833,22.8204,51.1589,1015.3381,453.7219
8.9000,23.1159,50.2888,1015.5663,479.5392
8.9167,23.4813,49.0011,1015.8913,508.5914
8.9333,23.0431,52.6836,1016.6841,471.7687
8.9500,23.2967,51.9500,1016.1803,473.7203
8.9667,24.0077,47.4427,1014.9825,453.2673
8.9833,23.2316,50.9667,1015.5934,446.4619
9.0000,23.9534,47.1266,1015.5358,438.1051
9.0167,22.9861,47.7617,1015.9624,430.6562
9.0333,23.8312,47.9998,1016.3673,435.4426
9.0500,24.3023,50.2713,1016.3637,420.1628
9.0667,22.3609,53.3649,1014.6107,453.3386
9.0833,23.2134,51.2061,1016.8851,414.4271
9.1000,23.9154,50.5771,1016.2385,462.6249
9.1167,23.5403,50.7219,1017.1465,458.2515
9.1333,23.8423,47.9535,1016.3966,464.1406
9.1500,23.3696,50.8094,1016.9247,448.7209
9.1667,23.7297,51.0063,1016.4193,540.0021
9.1833,23.6233,51.0737,1017.1254,498.3894
9.2000,24.2996,50.9284,1016.4685,434.5783
9.2167,23.8575,50.6304,1015.9747,472.8181
9.2333,23.9136,49.8325,1017.8734,453.1002
9.2500,23.5533,51.8104,1016.7689,444.2414
9.2667,23.5297,49.6523,1016.5190,437.4039
9.2833,23.5715,47.8789,1015.0413,483.0125
9.3000,23.9993,48.6750,1015.0339,456.4730
9.3167,23.6057,48.1017,1016.3010,499.0025
9.3333,23.9751,47.6870,1016.1855,500.9498
9.3500,24.8819,47.3881,1015.5800,511.7503
9.3667,24.2937,46.9746,1016.1863,457.3889
9.3833,23.7090,48.8206,1017.3466,491.8775
9.4000,24.4863,44.4833,1016.6342,497.0982
9.4167,23.6954,49.8835,1015.1673,470.7246
9.4333,22.8940,50.6614,1015.9931,464.5756
9.4500,23.4225,48.2320,1015.4404,525.3973
9.4667,23.0047,51.8115,1015.7764,492.1345
9.4833,23.7777,51.2086,1015.7578,503.6326
9.5000,23.9760,45.8209,1015.7087,468.4662
9.5167,24.8182,46.2472,1015.0888,459.8190
9.5333,24.1566,47.2268,1015.9928,477.3461
9.5500,23.8967,47.2751,1015.6486,489.7613
9.5667,24.4340,50.0080,1013.7555,467.5340
9.5833,22.9267,50.2224,1017.7435,495.1691
9.6000,24.1629,48.2266,1016.9742,454.4764
9.6167,24.4433,44.3273,1015.8041,469.9597
9.6333,23.3313,51.2739,1016.1222,516.0034
9.6500,24.6551,45.5389,1015.1719,515.5931
9.6667,24.2650,48.7224,1017.4677,491.9669
9.6833,23.9006,49.7039,1017.6309,477.5830
9.7000,24.4370,51.0658,1016.2404,478.6030
9.7167,25.2683,44.4799,1016.9358,496.2151
9.7333,24.2361,42.6068,1016.2591,522.9160
9.7500,24.2815,48.9455,1015.0514,531.2631
9.7667,23.9397,52.6914,1015.7933,496.8950
9.7833,23.7565,51.8431,1016.2301,481.7198
9.8000,24.6085,48.5065,1015.7628,518.4995
9.8167,23.7772,48.3510,1015.9534,492.4586
9.8333,24.2527,50.2351,1016.0570,501.3316
9.8500,23.9898,47.0682,1016.0673,548.6579
9.8667,24.4797,49.2331,1016.1756,537.4393
9.8833,24.4186,49.3831,1015.2871,521.9432
9.9000,24.7820,49.9475,1015.5638,487.4254
9.9167,24.0196,54.4900,1015.1115,525.7349
9.9333,24.1509,49.5585,1016.9231,548.2400
9.9500,23.8077,48.2706,1014.4581,513.5033
9.9667,24.0860,48.8199,1017.0672,557.8893
9.9833,24.5078,44.7001,1017.2552,557.6443
10.0000,24.7086,46.5476,1015.9060,568.1300
10.0167,23.8799,48.3616,1014.0670,535.3755
10.0333,24.7866,46.7720,1015.8621,543.6336
10.0500,25.0403,47.7443,1016.1014,565.5044
10.0667,24.5798,46.4854,1015.3460,542.5322
10.0833,25.3220,49.2590,1015.7439,520.0106
10.1000,24.0072,48.9896,1017.3818,522.5184
10.1167,23.7821,49.3082,1016.6912,540.8828
10.1333,23.5254,49.0561,1015.4212,503.8382
10.1500,25.1730,47.5509,1014.8844,533.7004
10.1667,24.7622,49.5068,1015.9024,565.8714
10.1833,24.4173,46.6398,1015.9948,484.8485
10.2000,24.5950,46.7912,1016.5641,579.1602
10.2167,23.9022,48.5393,1015.7404,570.0218
10.2333,25.6975,43.7619,1016.5793,531.6288
10.2500,24.5490,46.5380,1017.7198,557.8641
10.2667,24.5487,47.2246,1016.8255,545.5104
10.2833,24.8664,49.4492,1016.1361,577.3298
10.3000,24.7534,48.3950,1016.0295,572.2913
10.3167,24.6342,48.4359,1015.8921,513.8625
10.3333,24.1363,50.4973,1017.1234,564.6816
10.3500,24.7765,47.5606,1015.6784,545.9908
10.3667,25.4908,47.5447,1016.2179,554.3294
10.3833,25.2315,46.9463,1016.2240,535.1771
10.4000,25.3643,47.4842,1015.7830,598.2031
10.4167,24.3209,47.3531,1015.0878,581.6151
10.4333,24.0905,43.9866,1016.4455,538.2286
10.4500,24.5311,47.9348,1016.1397,524.4624
10.4667,24.6304,50.8999,1016.5900,549.2860
10.4833,25.1581,49.1153,1015.7642,570.8858
10.5000,23.7732,51.2710,1017.1690,567.1192
10.5167,25.3925,49.3835,1015.4922,593.5284
10.5333,24.5569,48.3419,1017.5645,583.0292
10.5500,24.4306,48.7487,1014.7980,588.5968
10.5667,24.1460,47.5456,1016.5452,573.6004
10.5833,23.8326,48.6189,1016.5789,531.7631
10.6000,25.0795,48.6123,1015.5633,562.6646
10.6167,24.7123,50.3393,1016.5405,595.1158
10.6333,24.0384,48.6635,1017.2257,568.3768
10.6500,24.0434,48.0345,1014.4298,583.2884
10.6667,24.5306,48.2052,1016.6066,563.7836
10.6833,25.5404,47.8918,1014.2109,547.0429
10.7000,24.5834,45.2372,1015.4341,570.7352
10.7167,23.9689,44.4543,1017.5111,582.5703
10.7333,24.6047,46.9918,1015.7434,559.4719
10.7500,24.5983,45.6611,1015.2708,570.9859
10.7667,23.3932,48.8940,1016.0526,554.4012
10.7833,24.7213,47.6224,1017.8664,606.8726
10.8000,24.6398,47.1338,1014.7477,572.5282
10.8167,25.1101,50.2398,1015.3730,617.2011
10.8333,25.6931,47.1139,1017.4130,620.0879
10.8500,25.3384,47.5934,1017.7022,580.8243
10.8667,24.6471,49.2738,1016.1343,558.6149
10.8833,24.2346,46.3704,1015.2268,532.6486
10.9000,26.0808,47.9571,1017.8956,548.9592
10.9167,24.8299,47.6037,1017.4954,552.3726
10.9333,24.8133,49.1211,1016.7640,622.1327
10.9500,24.8002,45.6560,1015.5718,591.5131
10.9667,24.9172,44.5167,1016.1834,599.2982
10.9833,24.7518,49.5081,1016.0952,534.9822
11.0000,24.5428,48.9386,1016.4890,561.4722
11.0167,24.5618,46.3532,1017.3860,614.5209
11.0333,24.8244,46.0241,1016.9295,600.4297
11.0500,24.5744,50.3892,1015.3649,590.4906
11.0667,24.4951,45.8786,1017.3288,609.1959
11.0833,24.9099,50.9205,1016.4789,636.8678
11.1000,24.7344,46.0972,1016.7789,591.3384
11.1167,25.6189,47.8484,1017.4032,599.4841
11.1333,23.5464,49.0232,1015.3415,603.4439
11.1500,25.4225,48.0727,1016.2028,659.3044
11.1667,25.5045,45.6550,1015.8070,547.8841
11.1833,23.8495,48.9002,1014.9786,618.3084
11.2000,24.7194,48.0027,1016.5109,599.2111
11.2167,24.7095,45.9314,1018.2435,617.0973
11.2333,24.1959,50.1878,1014.7628,587.3341
11.2500,24.5150,47.2010,1016.2097,603.3780
11.2667,24.3528,48.0135,1016.7486,623.2145
11.2833,25.7884,44.3287,1016.3353,684.0724
11.3000,25.3841,41.7992,1016.1469,627.2643
11.3167,25.5560,46.2840,1015.1986,586.6688
11.3333,25.2849,51.8979,1016.4248,598.0767
11.3500,24.3633,50.0243,1015.6337,598.1288
11.3667,24.6692,47.9577,1014.4878,565.3597
11.3833,25.1797,46.7047,1017.1959,602.7783
11.4000,24.3274,48.5539,1017.0075,630.1241
11.4167,25.2983,48.1468,1016.2826,580.7135
11.4333,24.8249,45.4010,1016.4250,639.5404
11.4500,24.7608,50.0874,1017.1017,626.2747
11.4667,25.3068,48.4705,1016.4222,596.4694
11.4833,25.1765,48.6717,1016.9664,612.0249
11.5000,24.7767,48.7118,1016.0056,656.2520
11.5167,25.5397,46.7297,1017.2936,635.3563
11.5333,24.4222,49.7124,1016.5010,617.9537
11.5500,25.2733,48.2737,1016.4000,612.5014
11.5667,25.2644,46.3953,1015.2291,621.0608
11.5833,24.8155,46.6295,1016.4751,607.0463
11.6000,25.1357,47.5002,1015.5803,567.9093
11.6167,24.3493,51.5741,1015.7356,672.2628
11.6333,25.4390,44.3633,1015.5942,625.7644
11.6500,24.8866,44.7351,1015.3939,632.5006
11.6667,24.7196,48.2501,1017.9470,621.7574
11.6833,25.5073,46.8408,1017.3125,605.4779
11.7000,24.6324,48.3981,1017.7840,619.8511
11.7167,24.2820,49.0649,1015.2696,585.1502
11.7333,24.2095,48.2393,1016.3052,682.6906
11.7500,25.2923,50.0413,1015.2136,595.5215
11.7667,24.3505,45.2725,1015.6920,601.1984
11.7833,25.8694,44.5390,1015.5143,616.5967
11.8000,23.9522,48.8652,1017.2406,660.4032
11.8167,25.8425,42.9499,1015.9322,629.1545
11.8333,25.1007,46.9972,1017.1040,598.4712
11.8500,24.9478,50.9013,1016.7327,661.3081
11.8667,24.7245,47.9550,1018.0925,648.7921
11.8833,25.1972,47.6655,1015.0661,644.5376
11.9000,24.9795,45.0105,1017.2571,649.5220
11.9167,25.5505,45.4416,1017.1670,692.0318
11.9333,25.0564,46.6651,1015.4712,687.3365
11.9500,25.0747,46.7525,1017.0556,616.0697
11.9667,24.8180,50.3363,1016.5189,674.3554
11.9833,24.9715,48.6582,1016.0680,643.8502
12.0000,25.1539,45.0462,1015.5909,647.2533
12.0167,24.1449,49.2757,1015.6747,592.9661
12.0333,24.3257,49.5079,1017.8898,631.5023
12.0500,25.3712,49.2235,1016.2505,615.9224
12.0667,25.0847,50.5341,1016.8756,657.4176
12.0833,24.9068,45.6096,1015.6171,663.9582
12.1000,25.0075,45.8670,1015.6259,585.7761
12.1167,25.1715,44.7277,1017.1152,637.5364
12.1333,24.7271,47.4413,1015.1699,666.5748
12.1500,24.6070,49.0222,1015.9173,634.2942
12.1667,25.0932,49.3349,1016.2765,657.6126
12.1833,24.5051,48.0905,1016.3382,648.5819
12.2000,25.1973,46.5644,1016.1057,648.7528
12.2167,24.1407,49.0925,1016.5654,633.8289
12.2333,25.5053,45.0718,1016.8029,610.5895
12.2500,25.2256,51.3407,1016.8361,613.3498
12.2667,25.1158,44.1109,1015.4595,659.4978
12.2833,25.4776,47.1531,1016.0206,642.6181
12.3000,25.8173,50.3212,1017.2035,639.0282
12.3167,25.4900,46.7786,1016.9631,632.2450
12.3333,24.0605,48.5291,1015.1489,635.5554
12.3500,24.3392,47.7763,1016.5280,669.6926
12.3667,24.6646,47.6424,1014.6640,635.4651
12.3833,24.9879,50.2639,1016.2838,610.6376
12.4000,25.2314,42.7291,1017.7641,663.0653
12.4167,24.6074,51.1558,1015.4872,639.6535
12.4333,25.0612,44.5602,1015.5777,645.8534
12.4500,24.5877,47.5852,1016.8560,685.5426
12.4667,24.6570,47.1561,1015.0102,645.1155
12.4833,24.2567,49.7921,1015.7378,653.1271
12.5000,24.4956,45.0603,1016.7207,616.6840
12.5167,24.2785,49.5066,1015.7357,640.9165
12.5333,24.4634,52.3535,1016.0539,661.8891
12.5500,25.4751,44.0610,1016.8376,608.0010
12.5667,24.4704,48.6738,1016.5790,652.1323
12.5833,26.2580,44.2890,1016.4547,649.8484
12.6000,25.1851,48.0741,1015.9695,648.5699
12.6167,25.0274,47.4972,1016.5363,673.6672
12.6333,24.5022,46.9637,1016.1407,656.2912
12.6500,25.2779,48.0588,1016.6054,685.0657
12.6667,24.6362,51.6544,1015.8410,623.4492
12.6833,24.9812,47.1464,1016.0920,651.8537
12.7000,26.1963,47.1450,1015.4454,650.7254
12.7167,24.8642,45.1171,1016.2088,622.0319
12.7333,25.4828,44.8630,1015.5874,672.8118
12.7500,24.5523,49.1163,1015.3443,707.1538
12.7667,24.8821,50.6450,1016.4418,648.7358
12.7833,25.7806,47.0403,1016.4044,661.9020
12.8000,24.5773,47.5080,1016.8599,651.4964
12.8167,25.7924,46.3100,1015.8880,631.6423
12.8333,25.2354,44.6462,1016.5586,604.0528
12.8500,24.5955,49.3158,1016.6721,632.0088
12.8667,25.1881,48.9826,1016.5865,614.9269
12.8833,25.3532,46.0661,1015.5694,692.3927
12.9000,25.1728,46.3008,1016.3487,646.9681
12.9167,24.0716,49.4244,1016.5197,641.2449
12.9333,24.4879,47.3947,1016.2334,672.1603
12.9500,24.7224,47.7841,1014.5577,621.9177
12.9667,24.8035,51.9942,1016.3544,630.8113
12.9833,25.1456,46.7876,1017.9952,651.6975
13.0000,24.9185,46.9056,1015.9363,675.7192
13.0167,24.1563,47.4705,1015.6410,662.5378
13.0333,25.0083,48.9760,1016.5213,656.1910
13.0500,25.1176,46.9612,1016.4716,651.9144
13.0667,25.0862,46.0719,1017.1750,659.9374
13.0833,25.3406,49.6316,1015.2136,654.9342
13.1000,25.2111,50.0226,1016.8041,624.0965
13.1167,25.0174,46.2730,1016.6903,650.9421
13.1333,24.7464,44.1473,1016.1033,622.8837
13.1500,23.9446,51.0981,1016.4870,651.6802
13.1667,24.9834,46.1556,1017.0387,637.5556
13.1833,24.8658,49.2825,1016.9119,712.9664
13.2000,24.8911,43.7232,1015.2986,648.3861
13.2167,24.1101,50.6200,1016.8682,614.1705
13.2333,24.2011,46.2760,1016.1592,645.8065
13.2500,25.2612,48.5697,1016.2682,662.0209
13.2667,24.7078,47.9668,1016.2674,690.7385
13.2833,25.0612,45.5003,1016.0876,634.0270
13.3000,24.7274,47.0949,1017.1600,609.0530
13.3167,24.7208,49.2915,1016.1386,668.8765
13.3333,25.1676,47.4604,1015.3088,613.7740
13.3500,24.4329,49.5194,1015.8885,637.2100
13.3667,24.7314,51.8557,1016.3451,641.4898
13.3833,24.4445,45.2047,1017.1843,645.9974
13.4000,24.4507,51.5584,1016.6822,664.7668
13.4167,24.5055,48.4505,1015.5181,630.2378
13.4333,24.7632,46.0577,1018.1855,640.2680
13.4500,24.4047,45.7324,1016.4079,646.5286
13.4667,25.2638,46.7261,1017.2152,650.3909
13.4833,24.1804,50.5727,1016.0723,648.8539
13.5000,24.5260,47.9560,1016.6190,657.0572
13.5167,24.3911,51.4356,1016.8626,666.9935
13.5333,25.3260,44.1086,1017.1643,655.4454
13.5500,24.6922,47.9375,1017.0344,656.6928
13.5667,25.1012,44.8434,1016.8849,605.5129
13.5833,23.8338,49.9766,1015.9337,646.0311
13.6000,24.7013,49.7219,1015.7270,656.4617
13.6167,25.0036,46.6530,1016.4492,662.3878
13.6333,24.5909,42.9051,1016.9282,626.5374
13.6500,25.0735,47.7877,1016.0021,627.0438
13.6667,24.2729,49.4641,1017.0310,628.8326
13.6833,25.2269,47.9682,1017.3396,656.2526
13.7000,25.6624,48.9780,1015.4430,668.3381
13.7167,24.3221,46.3748,1015.5050,631.9451
13.7333,24.2712,49.9536,1016.0608,664.4630
13.7500,25.2111,49.5684,1016.4177,644.4751
13.7667,25.2645,43.5461,1015.7505,637.8968
13.7833,24.2035,49.3341,1017.2504,635.3271
13.8000,24.2449,47.6242,1016.5064,658.8766
13.8167,24.3042,48.3807,1016.1971,647.9422
13.8333,23.7628,50.0511,1015.0153,696.2817
13.8500,23.9656,48.0771,1015.1098,617.6556
13.8667,23.9127,47.7796,1016.3857,651.4808
13.8833,24.0206,49.0375,1014.4532,624.8573
13.9000,24.3767,46.2604,1016.9678,615.9061
13.9167,24.5007,46.0772,1016.0296,636.9095
13.9333,25.1483,48.6362,1018.7489,640.1499
13.9500,23.8633,46.9075,1017.9991,709.1973
13.9667,24.8439,49.0667,1016.0060,631.1583
13.9833,24.2340,49.5742,1016.0644,607.0184
14.0000,24.3054,45.0903,1016.9442,641.6012
14.0167,24.6566,46.6600,1017.5086,582.4050
14.0333,23.7468,51.7680,1014.8339,631.4593
14.0500,24.4882,46.3053,1014.7135,633.6382
14.0667,24.3691,47.5176,1015.6433,652.5741
14.0833,24.5208,49.1429,1016.6053,656.5133
14.1000,24.4078,49.9551,1016.5349,619.0394
14.1167,25.4794,46.2778,1016.9914,627.3114
14.1333,23.9214,47.9229,1015.1740,611.3640
14.1500,23.9631,51.9000,1014.2791,601.7481
14.1667,23.9054,52.6197,1016.8166,637.1219
14.1833,23.9275,51.0665,1015.4658,596.9521
14.2000,23.8747,49.3586,1014.5117,617.8356
14.2167,24.7759,46.2196,1016.2406,602.7239
14.2333,24.8797,46.0196,1016.7573,640.7396
14.2500,23.8720,50.2371,1016.0232,671.4200
14.2667,23.7290,50.2433,1015.7526,593.2237
14.2833,24.3687,51.2502,1015.9895,578.8096
14.3000,23.8445,50.5341,1015.8186,621.3770
14.3167,24.4247,45.3568,1015.0347,624.2483
14.3333,24.1972,50.8081,1015.5394,628.6716
14.3500,23.3253,48.0159,1016.5262,611.3889
14.3667,24.8443,46.9656,1016.3645,616.8653
14.3833,24.9558,48.0667,1016.2396,630.3961
14.4000,23.7387,53.3833,1015.3071,646.5388
14.4167,23.8384,55.4623,1015.9559,570.9642
14.4333,24.1622,49.9701,1014.3574,609.9221
14.4500,24.1735,48.3734,1016.2398,623.7887
14.4667,24.3224,49.5853,1017.2381,594.7847
14.4833,24.9851,49.2976,1014.9136,660.2968
14.5000,23.8783,48.5412,1015.6220,600.4087
14.5167,23.5543,53.2590,1016.3520,614.5308
14.5333,23.2504,50.5846,1017.0888,628.7258
14.5500,23.5611,50.6538,1015.7258,599.2982
14.5667,23.8965,50.4871,1015.5285,567.1640
14.5833,24.7967,48.6481,1014.5050,601.8530
14.6000,23.6269,51.2375,1016.1607,637.5394
14.6167,23.9839,47.7897,1017.7094,602.6082
14.6333,23.8499,48.1085,1016.2954,589.0899
14.6500,24.4384,46.1421,1016.0535,632.6059
14.6667,25.0937,48.2385,1016.3267,600.4013
14.6833,23.5507,51.2318,1016.0580,595.1164
14.7000,23.5573,50.5796,1015.4142,610.7998
14.7167,24.3099,51.8841,1016.7209,625.5184
14.7333,24.1145,48.8171,1016.2406,664.9720
14.7500,24.6826,49.3137,1016.0718,625.2830
14.7667,24.0367,46.7615,1015.2751,632.7644
14.7833,23.5506,48.8998,1017.0959,590.2789
14.8000,24.0111,50.3745,1016.5825,576.4345
14.8167,24.2554,50.3150,1015.6061,602.7861
14.8333,24.0966,48.2671,1016.8475,603.0472
14.8500,23.9252,48.9689,1015.6456,572.5388
14.8667,24.1901,45.6791,1015.4156,594.2466
14.8833,24.2265,47.9462,1015.4311,607.7328
14.9000,24.3180,50.3038,1014.6196,605.8743
14.9167,23.9362,50.2461,1016.4112,608.5800
14.9333,23.5131,50.7316,1014.5666,602.3490
14.9500,23.6549,49.6172,1015.0463,581.4955
14.9667,24.1695,48.7599,1014.3662,580.4129
14.9833,23.1425,48.9657,1015.9553,562.3701
15.0000,23.7199,50.8179,1015.9014,636.0407
15.0167,23.3234,50.8568,1015.7578,590.8290
15.0333,23.5189,50.7057,1015.1825,583.9368
15.0500,24.1282,47.7557,1015.0763,565.3977
15.0667,23.5688,45.3401,1016.3830,661.0624
15.0833,23.4808,51.9731,1015.5685,559.8853
15.1000,22.7618,49.8996,1016.2595,575.0390
15.1167,23.7990,47.5759,1015.2956,595.1919
15.1333,23.7327,50.7879,1016.1460,598.8314
15.1500,24.4756,47.5025,1017.0412,606.7988
15.1667,23.2241,52.2838,1016.4649,627.0594
15.1833,23.4714,51.0269,1015.6634,593.5361
15.2000,23.4703,51.1616,1016.1964,553.4888
15.2167,24.1181,46.0909,1015.7954,572.4678
15.2333,23.2655,52.5257,1015.9916,585.5836
15.2500,23.4362,50.3681,1015.7221,628.5843
15.2667,23.5842,48.8851,1015.8484,540.9189
15.2833,23.3571,50.2511,1016.1468,604.9085
15.3000,23.0240,46.9115,1015.1797,578.3166
15.3167,23.3277,50.8258,1015.1590,593.7339
15.3333,23.7508,47.3151,1014.8581,569.2024
15.3500,22.6839,48.2688,1014.6859,549.6504
15.3667,23.2469,47.0850,1014.9895,588.4367
15.3833,22.8135,53.0052,1016.0881,584.9743
15.4000,23.7441,48.1253,1015.2435,591.8585
15.4167,22.3680,54.5154,1016.3658,566.1629
15.4333,22.8331,49.6787,1015.9799,550.4335
15.4500,23.2841,46.6592,1014.3744,525.3879
15.4667,23.8611,46.9753,1016.4704,583.7656
15.4833,23.0282,52.9293,1016.5921,572.7973
15.5000,22.7662,50.5389,1015.1455,536.9695
15.5167,23.9670,47.9529,1016.2739,546.5589
15.5333,22.2851,51.8924,1015.2496,547.2588
15.5500,21.8922,53.1652,1016.0100,520.7531
15.5667,23.1941,52.4436,1014.9173,536.2808
15.5833,22.7055,53.8387,1014.4915,527.2678
15.6000,22.4283,50.6380,1015.6168,544.1877
15.6167,23.2754,47.4348,1015.8211,534.9139
15.6333,23.0254,49.6349,1015.5989,511.5835
15.6500,22.6037,51.6150,1014.9668,601.6962
15.6667,22.2277,49.7309,1015.5911,581.3135
15.6833,23.2862,48.1564,1016.1234,529.3888
15.7000,23.1571,50.9519,1015.8690,554.5348
15.7167,22.7644,50.7560,1016.0479,557.0167
15.7333,23.7193,49.4867,1015.3628,575.2089
15.7500,22.2428,50.1188,1016.8331,523.8142
15.7667,21.9969,51.5438,1014.9517,570.4256
15.7833,22.3955,49.5583,1016.2796,528.2648
15.8000,22.7004,52.7298,1016.8320,507.4015
15.8167,22.8265,52.8307,1016.2680,557.7333
15.8333,22.5659,47.4588,1015.7182,570.7267
15.8500,22.8441,48.8748,1015.4544,601.9796
15.8667,22.0238,48.9712,1016.7027,506.1091
15.8833,23.3530,48.6705,1014.7323,552.3919
15.9000,22.5714,50.9760,1015.0914,523.4869
15.9167,23.1525,47.3719,1015.5462,552.1254
15.9333,22.7466,49.0365,1016.8512,494.5851
15.9500,22.7848,48.8148,1016.1617,498.5805
15.9667,22.8226,51.1807,1015.0802,509.5519
15.9833,22.7427,51.0246,1015.6031,529.7185
16.0000,22.8214,49.3245,1015.3566,510.5097
16.0167,23.1457,50.6352,1015.2770,541.8021
16.0333,22.5604,50.0661,1016.6246,549.7839
16.0500,22.7976,50.2603,1014.7408,537.8835
16.0667,22.3792,54.7781,1017.1219,562.1433
16.0833,23.1250,52.9934,1016.4941,530.8457
16.1000,22.0476,49.3294,1016.7009,488.8010
16.1167,23.2671,51.7589,1015.4545,552.0783
16.1333,22.3273,53.1319,1015.7015,501.6325
16.1500,21.6127,50.2844,1014.6716,538.2865
16.1667,22.3728,53.0784,1015.3950,553.6312
16.1833,21.9488,55.1526,1016.2063,524.4642
16.2000,22.6903,48.7195,1016.8448,474.3994
16.2167,21.9242,50.2787,1014.9188,487.6018
16.2333,22.0079,54.0235,1015.5087,542.3769
16.2500,21.2667,53.6430,1015.6766,503.8289
16.2667,21.9657,53.1544,1014.6775,508.7924
16.2833,20.9603,54.2407,1016.2637,524.5174
16.3000,21.3606,53.7405,1015.2080,521.6962
16.3167,22.5131,48.5775,1015.6274,509.9971
16.3333,22.5060,53.3356,1015.4186,496.5471
16.3500,22.3060,53.8801,1015.1452,492.6816
16.3667,21.5900,52.1563,1015.7675,520.6781
16.3833,22.0297,51.8684,1015.5971,511.8001
16.4000,22.0319,48.8900,1015.4685,490.2566
16.4167,21.4346,53.8767,1015.1797,522.4681
16.4333,22.7454,52.0259,1016.0145,490.9136
16.4500,22.4124,51.2570,1017.0782,471.5703
16.4667,21.8432,54.4839,1015.8636,472.6081
16.4833,21.9470,51.4113,1016.5449,465.8325
16.5000,22.0176,53.1028,1014.6322,482.2078
16.5167,20.8724,51.6521,1015.8670,518.5765
16.5333,21.7494,52.3287,1014.8592,466.3197
16.5500,21.5118,52.3836,1014.5519,489.8712
16.5667,21.3317,53.4531,1015.1383,467.4527
16.5833,21.6716,51.7535,1016.6796,476.0714
16.6000,22.6907,50.7010,1016.4824,443.5359
16.6167,22.0919,53.5143,1015.9131,474.4799
16.6333,21.4654,51.9283,1014.4888,473.8559
16.6500,22.0169,48.7615,1015.5542,490.9097
16.6667,22.4098,54.8845,1015.9488,481.6873
16.6833,22.1519,54.5351,1015.8441,444.8471
16.7000,21.6988,49.8672,1014.2249,500.6124
16.7167,21.3250,54.3919,1014.9839,477.4646
16.7333,21.9770,51.0286,1015.6411,475.8655
16.7500,21.8039,52.8211,1016.1176,469.3739
16.7667,22.0341,52.5373,1013.9278,455.3564
16.7833,21.8834,51.7061,1015.5512,472.4415
16.8000,22.0699,50.3277,1015.7915,477.5815
16.8167,21.2567,51.7339,1016.3529,420.7141
16.8333,22.1622,49.9243,1016.2236,449.6116
16.8500,21.5815,50.9641,1016.1315,455.4005
16.8667,22.4995,51.1164,1015.0216,466.8715
16.8833,21.0964,51.9239,1014.1313,488.9925
16.9000,22.2881,52.9320,1015.3393,438.5584
16.9167,21.4981,55.7273,1016.4511,444.0948
16.9333,21.0525,52.2612,1016.7607,442.4220
16.9500,21.1153,53.8059,1016.2104,433.8885
16.9667,21.1760,54.2353,1015.9815,443.9383
16.9833,21.5272,53.6531,1015.9378,470.5790
17.0000,21.5555,52.8186,1015.1852,423.6541
17.0167,20.9862,55.0061,1015.5220,460.6954
17.0333,21.2397,54.1049,1016.9573,407.4524
17.0500,22.3019,49.0718,1014.8640,435.9666
17.0667,22.0734,53.6282,1016.9059,441.7628
17.0833,21.4066,54.6647,1015.3524,491.8715
17.1000,21.1862,51.6941,1016.6663,443.1299
17.1167,21.2060,53.2668,1014.4764,394.9689
17.1333,21.4315,54.2194,1016.0665,400.0278
17.1500,20.5921,53.6932,1015.0043,450.8507
17.1667,20.9535,55.7157,1014.4574,465.3443
17.1833,20.2266,59.3879,1015.7604,459.3864
17.2000,21.2392,51.5693,1016.3890,454.1893
17.2167,21.3418,50.2252,1014.9014,479.0565
17.2333,20.7552,54.4748,1014.3740,436.5102
17.2500,21.7624,53.7995,1015.4956,472.3728
17.2667,20.3412,54.0265,1015.4949,409.1996
17.2833,20.2004,57.6059,1015.9994,427.3763
17.3000,21.0234,50.7877,1016.3162,404.8240
17.3167,21.4133,54.2659,1015.5048,443.1289
17.3333,21.7102,51.2230,1017.0325,448.8435
17.3500,20.6173,57.5128,1015.7233,452.8525
17.3667,21.3646,56.9382,1015.2626,451.5471
17.3833,20.7845,52.2900,1014.2462,426.8112
17.4000,20.6959,52.8571,1015.3211,445.2440
17.4167,21.2024,54.9155,1015.2579,412.5638
17.4333,21.0652,52.6279,1016.2909,484.0807
17.4500,19.9293,55.0153,1015.8884,442.4093
17.4667,21.4341,52.8996,1014.5706,437.7778
17.4833,21.3643,49.1142,1015.6476,489.7235
17.5000,20.3398,54.4626,1016.0427,418.9438
17.5167,20.8289,52.3772,1016.7236,421.8603
17.5333,20.8564,52.7292,1016.2069,422.5945
17.5500,20.7180,56.8102,1016.1012,448.3032
17.5667,20.2909,52.0507,1015.5362,460.7908
17.5833,20.2085,56.3136,1015.7945,468.4919
17.6000,20.5099,53.6773,1016.4790,514.2999
17.6167,21.0873,52.8095,1014.4088,393.7642
17.6333,20.7510,55.4542,1015.1911,465.2184
17.6500,20.2722,55.2718,1014.8482,436.0717
17.6667,20.8216,54.9088,1015.7652,435.3396
17.6833,18.9898,58.4517,1016.4416,434.5057
17.7000,20.9667,52.8874,1014.9754,427.2808
17.7167,19.5007,54.5245,1013.5363,492.1131
17.7333,20.1676,52.5784,1015.1143,471.0574
17.7500,19.7672,53.6984,1016.1704,450.5799
17.7667,19.6579,61.4113,1015.8652,483.7754
17.7833,20.8639,56.1935,1015.7732,412.1868
17.8000,20.0278,52.2561,1015.2021,416.7324
17.8167,20.4131,51.7354,1014.3984,395.5508
17.8333,20.1946,55.6718,1015.8293,432.5146
17.8500,20.4348,55.4423,1014.7451,454.0425
17.8667,20.2129,55.7784,1017.1553,452.5715
17.8833,19.5112,55.2233,1015.8599,453.7335
17.9000,20.6290,53.8056,1014.9344,414.7236
17.9167,19.8622,55.8625,1014.9052,470.0789
17.9333,19.3090,56.2083,1015.3154,455.9907
17.9500,19.8514,50.7843,1015.1936,468.3264
17.9667,20.7940,53.3494,1016.2740,402.6809
17.9833,20.4469,52.6268,1015.5251,457.7873
18.0000,19.8257,55.6119,1014.7860,420.3059
18.0167,19.8036,61.2652,1016.8790,440.0669
18.0333,19.7955,56.0416,1015.4015,463.3591
18.0500,20.9729,52.9136,1015.9725,452.2773
18.0667,20.1037,56.6880,1014.8661,428.7115
18.0833,20.1059,55.8065,1015.6385,450.1568
18.1000,20.3843,55.2638,1015.5923,411.7116
18.1167,19.9667,56.2636,1013.8270,478.7567
18.1333,19.6960,59.5691,1016.9462,444.8679
18.1500,19.7055,53.1799,1016.3618,477.9637
18.1667,19.7461,56.3281,1015.0068,436.8367
18.1833,19.7415,53.5350,1014.4380,436.9106
18.2000,20.1021,55.9578,1015.5931,430.8953
18.2167,19.7425,53.5489,1015.3797,471.9043
18.2333,20.0611,54.0737,1015.5901,432.2642
18.2500,19.6326,54.9609,1015.4540,466.1149
18.2667,19.6905,57.4158,1015.7010,440.4387
18.2833,18.6304,58.8914,1016.4490,400.6009
18.3000,20.0659,52.4098,1015.7409,435.7421
18.3167,19.7592,55.4711,1014.4419,420.5223
18.3333,20.0632,53.4860,1016.3668,450.8476
18.3500,18.0944,55.3414,1016.5844,420.2398
18.3667,20.5650,53.7185,1017.7887,473.1494
18.3833,19.4293,55.2391,1014.3635,447.7231
18.4000,20.0314,59.8063,1015.4517,445.5601
18.4167,18.9357,57.4624,1013.5868,466.3973
18.4333,19.7404,52.6342,1015.6902,474.0977
18.4500,18.8856,55.5420,1014.8042,449.4975
18.4667,19.0788,58.4246,1016.7766,430.7200
18.4833,20.3260,58.6879,1014.6133,405.6508
18.5000,19.2520,52.9500,1013.8767,432.8488
18.5167,19.4345,52.0885,1014.8461,434.5697
18.5333,19.7392,59.1332,1013.6378,452.6764
18.5500,19.5304,56.4837,1015.8141,441.3713
18.5667,19.3362,54.2592,1013.5562,467.1983
18.5833,19.4219,56.9365,1015.2261,434.6754
18.6000,20.4195,49.0992,1013.5361,448.5740
18.6167,19.1675,56.2555,1014.9371,479.5997
18.6333,19.2753,56.7427,1016.5031,458.5456
18.6500,19.6786,57.3307,1015.4719,448.4991
18.6667,19.6845,53.4454,1014.4876,434.9514
18.6833,19.7038,55.6157,1015.1484,434.1692
18.7000,19.4082,54.0369,1015.1827,428.7347
18.7167,18.4959,57.7670,1015.5414,436.4748
18.7333,19.8627,53.4153,1014.0647,468.8916
18.7500,18.4514,56.5067,1015.6272,444.4528
18.7667,19.1545,54.2767,1012.9846,416.2557
18.7833,18.6047,58.3953,1014.6391,494.2042
18.8000,18.9284,58.3243,1014.7473,457.9991
18.8167,19.1035,55.8755,1015.6395,414.8264
18.8333,19.0785,56.4588,1015.1459,438.9538
18.8500,19.1075,53.4416,1013.9982,452.7722
18.8667,19.6821,54.8775,1014.3295,492.6148
18.8833,19.0808,56.2784,1015.2714,422.2972
18.9000,18.7107,62.1755,1015.0440,474.4010
18.9167,19.2936,53.8356,1014.6388,484.9872
18.9333,19.3851,58.8507,1014.7123,434.2836
18.9500,18.1554,59.7606,1015.6488,443.0622
18.9667,19.0468,56.9911,1014.6725,424.0923
18.9833,19.0776,59.9009,1015.0110,444.9135
19.0000,18.5571,57.9085,1016.8122,449.0853
19.0167,19.3727,56.7193,1013.9321,466.4912
19.0333,18.5888,57.0106,1013.5844,477.2546
19.0500,18.7056,59.3888,1015.6875,431.2976
19.0667,18.5353,59.3900,1014.5125,400.8169
19.0833,18.6086,55.8357,1014.7956,449.4689
19.1000,18.0318,55.3138,1014.4200,457.3384
19.1167,17.8390,57.8355,1014.8319,456.2354
19.1333,19.3354,54.3968,1016.3133,441.8332
19.1500,18.0938,57.7322,1015.6709,453.1188
19.1667,18.0008,60.4737,1015.7137,487.8861
19.1833,17.3990,57.9869,1013.8857,459.5434
19.2000,18.1354,57.7112,1014.0924,440.6658
19.2167,17.7726,58.4571,1012.7368,437.4951
19.2333,19.2345,57.8451,1014.3552,445.7537
19.2500,18.8977,52.1597,1015.7628,490.9185
19.2667,18.0281,56.7445,1015.4057,445.4175
19.2833,19.4778,56.2059,1014.8096,449.5051
19.3000,18.8218,59.1674,1014.9636,437.9422
19.3167,18.1480,56.7942,1014.4250,477.4746
19.3333,17.0402,55.6866,1015.1345,498.9959
19.3500,19.4149,57.1171,1015.5781,461.2653
19.3667,17.5542,57.3980,1013.6673,452.0693
19.3833,17.4058,56.5119,1015.1943,450.9196
19.4000,18.7194,55.6721,1015.6952,390.3923
19.4167,19.4077,55.5194,1014.6117,468.6288
19.4333,18.8596,55.5011,1015.4990,453.3542
19.4500,18.4292,52.9451,1017.1847,460.7086
19.4667,18.4243,59.1576,1014.8441,432.2134
19.4833,18.5335,59.7496,1015.2368,440.3886
19.5000,18.4660,58.6040,1014.3263,439.7244
19.5167,18.2070,55.4141,1015.0563,475.5406
19.5333,18.0984,57.4493,1015.2740,440.5310
19.5500,17.9950,57.9945,1015.0562,502.0665
19.5667,17.6293,59.7537,1014.0791,460.7716
19.5833,17.8459,59.5678,1015.0545,418.1079
19.6000,17.1198,57.8519,1016.0537,446.7863
19.6167,17.8972,58.3181,1015.2373,433.7081
19.6333,17.4322,59.7662,1015.6425,395.1404
19.6500,17.3549,61.8793,1014.6778,489.9868
19.6667,17.9769,59.4437,1015.4618,467.5786
19.6833,18.5632,58.7334,1015.0798,463.3302
19.7000,18.3066,57.7077,1014.0901,454.1351
19.7167,17.0425,62.2571,1015.1001,415.4496
19.7333,17.3133,59.8495,1014.0464,437.9096
19.7500,18.2589,55.8894,1014.3279,471.0445
19.7667,17.2778,61.8901,1014.9801,423.7195
19.7833,17.6372,59.9400,1015.0609,386.7058
19.8000,18.0051,57.1063,1013.8661,444.3223
19.8167,17.2265,58.2013,1015.6551,446.4561
19.8333,17.7439,58.9772,1015.2639,453.3891
19.8500,17.0049,60.4190,1014.2369,468.2130
19.8667,17.3520,59.3666,1013.5650,465.9401
19.8833,17.7933,58.9327,1014.6736,456.4692
19.9000,16.8177,63.1734,1014.4271,479.8883
19.9167,17.8153,60.4201,1014.8688,412.0258
19.9333,17.5661,59.0321,1014.4821,462.6145
19.9500,17.8331,60.1329,1013.1610,465.6635
19.9667,17.6498,56.4602,1014.4506,419.0109
19.9833,18.2010,58.4944,1014.5112,412.4282
20.0000,17.5626,62.2747,1015.2569,431.3514
20.0167,17.2664,58.6643,1014.1858,433.4615
20.0333,17.5235,57.0195,1016.0816,468.8355
20.0500,17.7152,57.1230,1013.2037,434.6365
20.0667,17.4492,56.6469,1015.7762,428.5913
20.0833,17.4264,57.2908,1014.5421,434.7092
20.1000,17.0365,58.7042,1015.4035,477.9658
20.1167,17.0375,56.6326,1014.7740,450.3261
20.1333,16.6491,60.0576,1015.6161,445.5187
20.1500,18.2067,59.4945,1014.3888,447.2499
20.1667,16.6916,58.1471,1013.8141,482.3015
20.1833,16.9487,62.6156,1015.8236,431.2707
20.2000,16.9176,60.6452,1014.5907,482.8877
20.2167,17.7060,60.5022,1014.8530,455.2624
20.2333,17.0928,58.0451,1015.6578,445.9895
20.2500,17.8460,59.9400,1013.8386,512.5225
20.2667,16.8673,57.5152,1015.1348,423.6090
20.2833,17.3255,60.7923,1014.1807,441.1579
20.3000,16.7503,60.2182,1014.5411,419.1892
20.3167,18.2226,58.7726,1014.6989,473.8115
20.3333,16.5383,57.8413,1013.4351,492.2297
20.3500,17.2692,57.3061,1014.0064,491.7481
20.3667,17.4134,60.0744,1015.7045,480.5987
20.3833,17.2857,57.1748,1015.3268,445.0595
20.4000,16.9684,60.4738,1014.5619,440.8690
20.4167,16.9785,56.7979,1014.8006,408.2208
20.4333,17.0478,61.1247,1014.3649,500.8968
20.4500,16.9349,57.1326,1015.6797,461.7245
20.4667,17.4729,59.8953,1014.4283,437.7011
20.4833,18.0788,59.1331,1014.7682,483.2014
20.5000,16.6774,58.5903,1015.4937,425.6809
20.5167,16.2540,61.7830,1013.9491,460.1656
20.5333,16.8776,60.2046,1015.8121,445.6843
20.5500,18.1944,56.6307,1013.3349,465.9669
20.5667,16.4856,58.2545,1015.8570,448.4107
20.5833,17.6899,54.5398,1014.2493,413.7268
20.6000,17.6922,59.1609,1014.3474,451.8894
20.6167,16.5597,57.0309,1013.0236,476.2216
20.6333,17.1041,59.5345,1014.1659,449.2696
20.6500,17.6170,58.0476,1013.6919,469.3779
20.6667,16.5965,61.4635,1014.0317,423.8618
20.6833,16.6676,59.3945,1014.4021,449.3435
20.7000,16.4619,59.6482,1015.2722,434.3872
20.7167,16.2288,62.1205,1014.6661,468.6745
20.7333,16.3951,61.0775,1014.7402,450.7873
20.7500,16.0913,61.4954,1013.6117,467.2518
20.7667,16.7039,60.8826,1013.7776,477.1928
20.7833,16.2856,57.5004,1015.9152,467.2905
20.8000,16.7712,61.3567,1013.8820,456.8280
20.8167,15.8602,62.4346,1015.7892,425.0447
20.8333,16.7875,57.7854,1014.2638,449.9303
20.8500,17.0228,58.9777,1014.4541,436.6727
20.8667,15.5931,61.5317,1015.3025,441.3984
20.8833,16.7611,59.5893,1015.4578,440.6366
20.9000,17.1721,59.9096,1014.3456,425.5019
20.9167,15.9376,63.9563,1014.1176,401.0665
20.9333,17.3630,61.1190,1014.3775,433.2964
20.9500,16.7206,57.2947,1014.6865,454.8345
20.9667,16.1429,62.0297,1015.1232,416.2956
20.9833,16.4520,62.9798,1014.4075,450.3921
21.0000,16.7436,60.6582,1014.8932,497.5067
21.0167,16.4871,62.4513,1015.7027,475.5764
21.0333,16.7031,63.9699,1014.6910,491.0885
21.0500,15.9582,63.1102,1014.6292,459.7782
21.0667,16.4880,60.7666,1013.1587,479.1877
21.0833,15.6813,63.5682,1012.2632,431.9009
21.1000,16.3175,60.8135,1014.6724,433.8915
21.1167,15.9062,61.1885,1014.2797,381.5215
21.1333,15.9755,60.3340,1013.9377,479.6536
21.1500,16.9464,62.7072,1014.5382,488.5081
21.1667,16.8593,58.0742,1014.2890,436.1706
21.1833,16.6035,63.1595,1015.2334,443.6512
21.2000,15.7381,62.3925,1014.3940,431.1534
21.2167,16.1115,58.0341,1013.7215,459.5663
21.2333,16.8618,60.4426,1015.1050,478.1233
21.2500,16.3117,56.3325,1014.1330,406.4307
21.2667,17.3861,60.1718,1014.7219,460.2360
21.2833,16.4088,62.1572,1013.9126,443.0832
21.3000,16.2940,59.3743,1013.7685,452.8349
21.3167,16.0293,61.2032,1014.3495,461.4749
21.3333,16.2365,64.5535,1014.2863,445.2949
21.3500,16.0796,59.8692,1014.6538,447.4103
21.3667,16.4959,58.1383,1014.0488,444.6531
21.3833,16.6064,63.0537,1012.7885,474.2579
21.4000,15.7213,65.3433,1013.9052,460.4690
21.4167,15.4350,61.8549,1014.8803,455.5146
21.4333,15.1689,64.2696,1014.0012,418.2262
21.4500,16.3274,63.1918,1014.0358,440.5355
21.4667,15.5083,60.2526,1015.0158,472.4667
21.4833,14.9701,61.5742,1013.6509,450.9424
21.5000,16.2275,63.1205,1012.9801,466.4883
21.5167,17.2665,62.4703,1014.0796,494.1628
21.5333,16.0038,62.1201,1013.8146,475.9652
21.5500,16.4130,58.6209,1013.4227,452.3290
21.5667,16.0216,64.9417,1014.0492,437.2253
21.5833,15.9183,60.0606,1014.5765,386.1613
21.6000,16.4145,59.7080,1014.1696,445.7904
21.6167,15.7970,61.9892,1014.4164,441.8497
21.6333,16.0631,64.0136,1015.6153,459.7592
21.6500,16.0776,62.5915,1013.8841,446.1524
21.6667,15.5702,62.4744,1014.3748,441.9904
21.6833,16.3878,61.3449,1013.7385,405.5150
21.7000,15.7919,61.3992,1013.4625,426.5008
21.7167,15.4892,62.8825,1013.6654,461.9163
21.7333,16.1231,55.7563,1013.7441,492.8977
21.7500,15.3934,61.3167,1014.4084,447.5619
21.7667,15.8447,61.7157,1015.9938,458.1953
21.7833,15.8140,58.9770,1013.5355,473.8120
21.8000,16.3496,61.2483,1013.7687,429.7277
21.8167,16.0322,60.5428,1014.0453,459.1704
21.8333,15.7705,64.8552,1014.4061,431.4877
21.8500,16.1802,63.8757,1014.2940,471.6206
21.8667,16.4549,59.3861,1015.1042,453.7851
21.8833,16.0271,60.6576,1012.1295,457.4613
21.9000,15.7420,61.2391,1012.1548,430.4350
21.9167,15.0695,61.4924,1013.6613,467.6758
21.9333,15.1816,62.6176,1014.9296,502.1178
21.9500,15.5504,60.1579,1012.7929,424.8022
21.9667,15.3871,59.6581,1011.6330,441.5060
21.9833,15.5873,62.8644,1014.4897,455.7902
22.0000,15.6982,62.7118,1014.2214,469.6602
22.0167,15.9239,59.5056,1013.1480,436.0113
22.0333,15.6130,63.3713,1013.2254,379.1742
22.0500,15.8808,59.9157,1013.2317,483.9797
22.0667,15.6591,62.0176,1014.0896,469.0127
22.0833,14.6286,64.6977,1013.4937,406.4263
22.1000,15.1362,62.2284,1014.3837,434.8108
22.1167,15.5235,62.6242,1011.6984,489.2046
22.1333,14.9804,61.4965,1013.2903,486.1949
22.1500,15.8750,60.7945,1013.0686,473.4660
22.1667,16.3303,60.0928,1013.7580,445.5972
22.1833,16.1643,59.2604,1013.5263,452.0747
22.2000,15.4382,61.4891,1014.5886,446.7269
22.2167,16.2805,57.4821,1012.4565,478.2060
22.2333,15.5997,60.6182,1013.9740,428.1039
22.2500,15.3471,61.4096,1014.3779,429.8550
22.2667,15.1993,61.6886,1015.4102,475.2569
22.2833,15.3453,61.4991,1013.5331,448.8910
22.3000,15.2930,61.9370,1014.1717,484.4617
22.3167,15.5629,62.6145,1012.4626,433.2122
22.3333,15.5487,63.4259,1011.9858,448.6305
22.3500,15.4608,60.5093,1014.5687,426.9397
22.3667,15.6687,59.0906,1013.8821,450.1841
22.3833,16.0365,58.8611,1014.8229,413.0363
22.4000,15.9070,60.1650,1012.7750,437.8092
22.4167,14.6810,62.2747,1014.2833,414.0937
22.4333,14.1377,62.2534,1015.3560,467.3481
22.4500,15.8732,58.5980,1014.1903,467.9147
22.4667,14.7140,62.0167,1014.0694,406.7434
22.4833,15.2766,62.4479,1013.8485,483.3471
22.5000,14.7955,63.9967,1012.5786,512.4354
22.5167,14.4713,62.1782,1014.9133,451.1502
22.5333,15.6348,60.7218,1013.3337,433.9721
22.5500,15.7355,59.5433,1014.2196,520.6083
22.5667,15.0597,62.3476,1012.5591,417.0258
22.5833,14.0444,62.2365,1012.8596,450.5027
22.6000,15.0590,63.5578,1014.9448,454.4906
22.6167,15.5202,58.1479,1013.5124,483.6287
22.6333,14.5772,62.4150,1014.9465,458.9935
22.6500,15.4007,62.5011,1013.7148,437.5342
22.6667,15.2939,62.4268,1012.2974,426.2204
22.6833,15.5838,67.0104,1014.4782,441.4545
22.7000,15.3466,62.6797,1013.2861,424.8268
22.7167,14.7930,60.8024,1014.3105,451.1956
22.7333,15.8707,61.0030,1013.7653,435.8951
22.7500,15.1861,58.6684,1012.5042,412.6491
22.7667,15.2447,61.9717,1013.8637,481.3786
22.7833,14.7849,61.1566,1015.4827,437.5582
22.8000,15.0231,64.2962,1014.1137,418.2966
22.8167,14.7956,61.7075,1013.6668,445.7935
22.8333,15.1449,62.0491,1014.5666,451.7093
22.8500,16.0808,59.6078,1013.8684,406.3383
22.8667,14.5325,66.6789,1013.8611,458.2912
22.8833,14.4054,62.7495,1012.8137,423.8211
22.9000,15.9415,64.7529,1013.8676,492.7757
22.9167,15.0951,63.9857,1014.5024,463.0990
22.9333,14.8592,63.6754,1012.9987,440.0025
22.9500,15.7077,62.1760,1014.8006,431.3708
22.9667,14.8790,63.4690,1013.5812,447.3758
22.9833,16.0891,57.0111,1012.9379,465.3198
23.0000,15.5093,61.1782,1014.4397,449.3626
23.0167,14.9208,64.3091,1013.4057,444.5710
23.0333,16.2379,60.5453,1014.2362,451.4593
23.0500,14.8510,59.9131,1013.3887,434.9035
23.0667,15.5196,61.6158,1013.5677,441.4199
23.0833,15.2929,65.4688,1014.0040,397.8552
23.1000,15.7890,63.8103,1013.8353,474.3432
23.1167,15.9139,61.0052,1011.9997,457.4699
23.1333,15.1442,64.1867,1012.6926,430.6636
23.1500,14.7466,62.1471,1014.3266,497.4684
23.1667,15.3485,58.5695,1013.4709,452.1754
23.1833,14.7750,60.9886,1013.1511,424.0964
23.2000,16.1160,63.9518,1012.4767,471.4184
23.2167,15.1730,61.6925,1012.6933,459.9512
23.2333,14.9177,62.1367,1011.9331,459.8645
23.2500,15.1884,61.6177,1013.4630,439.3561
23.2667,14.4183,67.1808,1013.0588,461.2624
23.2833,14.6019,66.3490,1012.7578,443.4560
23.3000,15.6839,65.9117,1013.4700,463.8985
23.3167,14.7513,62.5549,1013.8092,402.3764
23.3333,14.5525,63.7625,1015.1860,439.1532
23.3500,15.3405,58.9559,1012.2954,493.0539
23.3667,15.6614,64.4617,1014.4259,430.8233
23.3833,15.4245,59.5277,1014.2704,434.9040
23.4000,15.5596,62.0942,1012.8621,438.8010
23.4167,14.6798,60.7857,1013.6414,419.6298
23.4333,14.3440,62.3062,1013.1062,394.7930
23.4500,15.8024,59.6219,1013.6143,444.2353
23.4667,14.8873,61.4533,1014.6666,453.3965
23.4833,14.9203,61.5414,1013.9372,448.6874
23.5000,15.7069,60.3432,1013.8531,446.3780
23.5167,15.3181,63.6895,1013.0954,451.0760
23.5333,15.2652,59.8925,1012.2459,475.5710
23.5500,16.1172,61.2653,1013.2598,445.2388
23.5667,14.7104,65.3703,1014.3854,435.6479
23.5833,15.4936,60.7331,1012.1918,442.9719
23.6000,15.0559,60.9803,1012.5629,464.4837
23.6167,15.1595,61.7998,1013.5015,485.3007
23.6333,15.7873,63.6786,1012.6062,434.2964
23.6500,15.2749,62.4759,1012.7534,452.4733
23.6667,15.2882,61.0053,1013.0420,458.4589
23.6833,15.5534,62.6376,1012.2818,425.1855
23.7000,14.8329,60.5460,1012.5885,450.5104
23.7167,14.5941,64.4715,1013.9240,413.3582
23.7333,14.4898,64.0826,1012.3088,405.7737
23.7500,14.0275,63.3431,1012.0699,459.1687
23.7667,16.0374,59.2667,1012.8376,440.4031
23.7833,14.4564,61.5420,1013.9206,455.0570
23.8000,14.8962,63.7253,1013.1710,449.5526
23.8167,14.8674,65.1569,1012.9503,425.5900
23.8333,15.1585,60.9877,1013.3509,448.8686
23.8500,15.4117,62.7992,1011.9123,419.1725
23.8667,15.4333,57.6760,1013.6981,484.7743
23.8833,14.7108,61.7646,1013.6026,416.1007
23.9000,14.9182,62.5607,1012.9618,445.1054
23.9167,15.1425,60.4669,1014.0875,423.9432
23.9333,14.8764,60.8124,1012.3742,464.2605
23.9500,15.8041,59.9583,1014.1720,441.7142
23.9667,15.2457,62.7159,1013.3867,437.0333
23.9833,15.3675,61.5741,1012.9873,471.3300
